Unnamed: 0,Symbol,Stock,Post Flair,Score,Upvote ratio,Number of Comments,Post Date,Post Id,Posted by,Total Awards Received
12762,(SNWR),SNWR,Catalyst,1,1.0,8,1601556614,j37xw5,t2_3bvmoxrr,0,
12763,MCAC,MCAC,Catalyst,1,1.0,5,1601556520,j37x2e,t2_68fx45r8,0,
12764,SKDI,SKDI,General Discussion,1,1.0,5,1601555321,j37lvs,t2_3bnoosr5,0,
12765,ITOCO,ITOCO,OTC,1,1.0,0,1601555236,j37l4q,t2_3coefi0q,0,
12766,BOXL,Boxlight,DD,1,1.0,4,1601554478,j37egn,t2_5j53b9da,0,
12767,PSRU,PSRU,Catalyst,1,1.0,0,1601554252,j37cgh,t2_5j53b9da,0,
12768,PEI,Pennsylvania Real Estate Investment Trust,Catalyst,1,1.0,0,1601554156,j37bnz,t2_fzrnadl,0,
12769,ZSAN-,Zosano Pharma,General Discussion,1,1.0,8,1601552226,j36vje,t2_2qpi7bo6,0,
12770,BOXL,Boxlight,DD,1,1.0,10,1601550878,j36l3q,t2_124w3c,0,
12771,BIG,Big Lots,DD,1,1.0,0,1601545489,j35hzc,t2_1kzrzus7,0,